"codigo_ibge","municipio","uf","pais"
"3200102","Afonso Cláudio","ES","BR"
"3200169","Água Doce do Norte","ES","BR"
"3200136","Águia Branca","ES","BR"
"3200201","Alegre","ES","BR"
"3200300","Alfredo Chaves","ES","BR"
"3200359","Alto Rio Novo","ES","BR"
"3200409","Anchieta","ES","BR"
"3200508","Apiacá","ES","BR"
"3200607","Aracruz","ES","BR"
"3200706","Atílio Vivácqua","ES","BR"
"3200805","Baixo Guandu","ES","BR"
"3200904","Barra de São Francisco","ES","BR"
"3201001","Boa Esperança","ES","BR"
"3201100","Bom Jesus do Norte","ES","BR"
"3201159","Brejetuba","ES","BR"
"3201209","Cachoeiro de Itapemirim","ES","BR"
"3201308","Cariacica","ES","BR"
"3201407","Castelo","ES","BR"
"3201506","Colatina","ES","BR"
"3201605","Conceição da Barra","ES","BR"
"3201704","Conceição do Castelo","ES","BR"
"3201803","Divino de São Lourenço","ES","BR"
"3201902","Domingos Martins","ES","BR"
"3202009","Dores do Rio Preto","ES","BR"
"3202108","Ecoporanga","ES","BR"
"3202207","Fundão","ES","BR"
"3202256","Governador Lindenberg","ES","BR"
"3202306","Guaçuí","ES","BR"
"3202405","Guarapari","ES","BR"
"3202454","Ibatiba","ES","BR"
"3202504","Ibiraçu","ES","BR"
"3202553","Ibitirama","ES","BR"
"3202603","Iconha","ES","BR"
"3202652","Irupi","ES","BR"
"3202702","Itaguaçu","ES","BR"
"3202801","Itapemirim","ES","BR"
"3202900","Itarana","ES","BR"
"3203007","Iúna","ES","BR"
"3203056","Jaguaré","ES","BR"
"3203106","Jerônimo Monteiro","ES","BR"
"3203130","João Neiva","ES","BR"
"3203163","Laranja da Terra","ES","BR"
"3203205","Linhares","ES","BR"
"3203304","Mantenópolis","ES","BR"
"3203320","Marataízes","ES","BR"
"3203346","Marechal Floriano","ES","BR"
"3203353","Marilândia","ES","BR"
"3203403","Mimoso do Sul","ES","BR"
"3203502","Montanha","ES","BR"
"3203601","Mucurici","ES","BR"
"3203700","Muniz Freire","ES","BR"
"3203809","Muqui","ES","BR"
"3203908","Nova Venécia","ES","BR"
"3204005","Pancas","ES","BR"
"3204054","Pedro Canário","ES","BR"
"3204104","Pinheiros","ES","BR"
"3204203","Piúma","ES","BR"
"3204252","Ponto Belo","ES","BR"
"3204302","Presidente Kennedy","ES","BR"
"3204351","Rio Bananal","ES","BR"
"3204401","Rio Novo do Sul","ES","BR"
"3204500","Santa Leopoldina","ES","BR"
"3204559","Santa Maria de Jetibá","ES","BR"
"3204609","Santa Teresa","ES","BR"
"3204658","São Domingos do Norte","ES","BR"
"3204708","São Gabriel da Palha","ES","BR"
"3204807","São José do Calçado","ES","BR"
"3204906","São Mateus","ES","BR"
"3204955","São Roque do Canaã","ES","BR"
"3205002","Serra","ES","BR"
"3205010","Sooretama","ES","BR"
"3205036","Vargem Alta","ES","BR"
"3205069","Venda Nova do Imigrante","ES","BR"
"3205101","Viana","ES","BR"
"3205150","Vila Pavão","ES","BR"
"3205176","Vila Valério","ES","BR"
"3205200","Vila Velha","ES","BR"
"3205309","Vitória","ES","BR"
