codigo_ibge,municipio,uf,pais
1100015,Alta Floresta D'Oeste,RO,BR
1100379,Alto Alegre dos Parecis,RO,BR
1100403,Alto Paraíso,RO,BR
1100346,Alvorada D'Oeste,RO,BR
1100023,Ariquemes,RO,BR
1100452,Buritis,RO,BR
1100031,Cabixi,RO,BR
1100601,Cacaulândia,RO,BR
1100049,Cacoal,RO,BR
1100700,Campo Novo de Rondônia,RO,BR
1100809,Candeias do Jamari,RO,BR
1100908,Castanheiras,RO,BR
1100056,Cerejeiras,RO,BR
1100924,Chupinguaia,RO,BR
1100064,Colorado do Oeste,RO,BR
1100072,Corumbiara,RO,BR
1100080,Costa Marques,RO,BR
1100940,Cujubim,RO,BR
1100098,Espigão D'Oeste,RO,BR
1101005,Governador Jorge Teixeira,RO,BR
1100106,Guajará-Mirim,RO,BR
1101104,Itapuã do Oeste,RO,BR
1100114,Jaru,RO,BR
1100122,Ji-Paraná,RO,BR
1100130,Machadinho D'Oeste,RO,BR
1101203,Ministro Andreazza,RO,BR
1101302,Mirante da Serra,RO,BR
1101401,Monte Negro,RO,BR
1100148,Nova Brasilândia D'Oeste,RO,BR
1100338,Nova Mamoré,RO,BR
1101435,Nova União,RO,BR
1100502,Novo Horizonte do Oeste,RO,BR
1100155,Ouro Preto do Oeste,RO,BR
1101450,Parecis,RO,BR
1100189,Pimenta Bueno,RO,BR
1101468,Pimenteiras do Oeste,RO,BR
1100205,Porto Velho,RO,BR
1100254,Presidente Médici,RO,BR
1101476,Primavera de Rondônia,RO,BR
1100262,Rio Crespo,RO,BR
1100288,Rolim de Moura,RO,BR
1100296,Santa Luzia D'Oeste,RO,BR
1101500,Seringueiras,RO,BR
1101484,São Felipe D'Oeste,RO,BR
1101492,São Francisco do Guaporé,RO,BR
1100320,São Miguel do Guaporé,RO,BR
1101559,Teixeirópolis,RO,BR
1101609,Theobroma,RO,BR
1101708,Urupá,RO,BR
1101757,Vale do Anari,RO,BR
1101807,Vale do Paraíso,RO,BR
1100304,Vilhena,RO,BR
